Requêtes;Clics;Impressions
rupture conventionnelle;56 490;112 087
sylae;15 291;79 531
rupture conventionnelle 2018;15 204;47 100
cif;12 808;40 435
cice;12 560;37 164
lettre de demission;12 366;110 246
cse;10 958;31 920
indemnité de licenciement;10 383;19 142
cvae;10 211;19 697
accident de travail;9 170;19 748
cfe;9 089;61 568
auto entrepreneur;8 496;131 280
certificat de travail;7 810;15 904
indemnité licenciement;7 725;14 532
simulation chomage;7 575;14 845
medaille du travail;7 460;14 340
contrat de professionnalisation;7 400;50 844
cpf;7 339;145 480
code ape;6 909;21 519
licenciement économique;6 801;18 596
are;6 697;25 450
congés payés;6 494;17 925
rtt;6 310;23 099
congés paternité;5885;9070
extrait kbis;5 793;44 180
heures supplémentaires;5 584;14 704
demission;5 331;14 407
calcul indemnité rupture conventionnelle;5 132;6 629
période d'essai;5 064;10 544
cice 2018;4 552;11 150
perco;4 517;15 767
congé sabbatique;4 397;8 339
autoentrepreneur;4 388;77 958
arce;4 386;8 287
cumul emploi retraite;4 245;7 428
conges maternite;4 191;9 068
acompte cvae;4 166;6 051
indemnité rupture conventionnelle;4 152;13 477
gratification stage;4 098;5 466
congé maternité;4 071;34 155
lettre de démission;3 963;26 498
indemnité légale de licenciement;3 938;4 963
smic;3 916;166 832
csp;3 874;38 684
entretien professionnel;3 809;8 564
smic 2018;3 768;188 055
compte epargne temps;3 749;6 289
solde de tout compte;3 592;18 681
simulation pole emploi;3 528;9 312
calcul indemnité de licenciement;3 388;6 318
kbis;3 387;65 730
calcul rupture conventionnelle;3 362;4 362
vae;3 344;40 508
taxe sur les salaires;3 299;4 688
accident du travail;3 148;7 258
médaille du travail;3 056;5 450
renouvellement cdd;3 020;4 815
clause de non concurrence;2 993;10 079
inspection du travail;2 988;79 431
declaration accident de travail;2 960;5 007
cet;2 951;20 872
calcul indemnité licenciement;2 937;5 925
supplément familial de traitement;2 929;4 005
medecine du travail;2 914;24 807
demande accre;2 901;4 584
rupture conventionnelle cdi;2 806;5 067
contrat d'apprentissage;2 748;14 436
compte personnel de formation;2 726;32 297
période d'essai cdd;2 718;4 248
arret maladie;2 671;21 482
délégué du personnel;2 670;7 191
congé parental;2 617;34 897
convention collective;2 547;45 708
préavis démission;2 475;9 648
faute grave;2 429;5 383
rémunération stage;2 412;5 106
rupture conventionnelle indemnité;2 410;10 279
démission;2 403;7 934
promesse d'embauche;2 391;10 398
maladie professionnelle;2 337;13 590
calcul congés payés;2 317;4 941
congé individuel de formation;2 316;3 759
chsct;2 315;49 883
procédure rupture conventionnelle;2 300;3 777
cheque vacances;2 253;58 016
travail de nuit;2 235;8 734
modele lettre de demission;2 215;13 173
accident de trajet;2 214;3 490
epargne salariale;2 213;17 809
heure supplémentaire;2 185;7 336
licenciement pour faute grave;2 090;12 560
licenciement economique;2 077;5 656
pse;2 074;17 458
conge maternite;2 063;4 732
rupture cdd;2 048;5 774
pension invalidité;2 047;4 354
journée de solidarité;2 044;8 662
portage salarial;1 962;14 837
contrat de sécurisation professionnelle;1 950;3 004
congés maternité;1 944;4 141
periode essai cdd;1 941;3 117
bdes;1 940;5 896
bareme kilometrique 2017;1 936;13 367
devenir auto entrepreneur;1 935;14 289
demande d'accre;1 932;3 480
taxe d'apprentissage;1 932;3 135
congé parental d'éducation;1 883;4 564
demission cdi chomage;1 878;15 833
harcèlement moral;1 876;9 127
dsi;1 871;27 025
interessement;1 869;5 361
harcèlement moral au travail;1 790;4 216
conge paternite;1 786;2 876
ape;1 771;16 575
comité d'entreprise;1 770;8 185
dif;1 764;28 329
chomage partiel;1 761;2 599
licenciement pour faute;1 739;5 760
abandon de poste;1 711;35 238
prime d'intéressement;1 682;4 148
indemnité licenciement économique;1 659;2 571
temps partiel;1 655;9 803
indemnités de licenciement;1 627;3 468
promesse d embauche;1 624;7 705
indemnité compensatrice de congés payés;1603;2758
contrat de professionnalisation salaire;1 582;5 695
congé sans solde;1 565;6 733
déclaration accident du travail;1 557;2 705
supplément familial;1 544;2 539
contrat apprentissage;1 536;7 284
rémunération stagiaire;1 529;2 302
disponibilité;1 503;11 355
clause de mobilité;1 487;2 453
contrat d apprentissage;1 456;9 012
lettre demission;1 455;9 182
simulateur calcul indemnité de licenciement;1 454;2 962
congés scolaires 2018;1420;5353
indemnité de rupture conventionnelle;1 390;3 327
cessation d'activité;1 388;5 259
compte épargne temps;1 386;2 386
plan epargne entreprise;1 381;2 592
demission cdi;1 368;10 168
contrat professionnalisation;1 365;10 492
travailleur handicapé;1 349;5 792
salaire journalier de référence;1 347;2 059
gratification stagiaire;1 339;1 671
taxe apprentissage;1 339;2 194
bilan de compétences;1 337;21 469
astreinte;1 323;10 627
rupture conventionelle;1 308;2 353
indemnité compensatrice de préavis;1 303;2 224
démission légitime;1 293;2 456
procedure de licenciement;1 288;2 927
mise en disponibilité;1 273;3 069
licenciement pour motif personnel;1 272;3 526
nbi;1 255;6 651
cdd d'usage;1 246;2 061
indemnité congés payés;1 241;2 005
micro entreprise;1 239;23 786
dpae;1 237;157 919
cdd;1 224;16 444
vacataire;1 219;4 988
reglement interieur;1 218;6 000
statut auto entrepreneur;1 215;11 962
participation;1 206;5 586
délégué syndical;1 205;3 025
exemple lettre de démission;1 204;9 061
cdd renouvellement;1 187;1 992
conges payes;1 186;4 385
congé longue maladie;1 184;2 076
complement familiale;1 183;2 060
changement de statut étudiant à salarié;1 181;2 503
cumuler deux emplois;1 179;1 632
période de professionnalisation;1 176;2 089
conges paternite;1 170;1 801
préavis licenciement;1 165;2 219
taux cice 2018;1 158;2 769
repos hebdomadaire;1 154;2 680
durée légale du travail;1 148;1 998
indemnite licenciement;1 140;1 657
harcèlement au travail;1 140;5 841
salaire contrat pro;1 134;4 526
simulation rupture conventionnelle;1 115;1 478
attestation de stage;1 110;8 328
indemnités licenciement;1 110;2 201
acompte cvae 2018;1 101;3 302
rupture conventionnel;1 081;2 284
lettre de démission cdi;1 076;7 368
intéressement;1 063;3 459
indemnite de licenciement;1 061;1 645
dads;1 053;5 327
accre auto entrepreneur;1 047;4 130
calcul des congés payés;970;2206
médecine du travail;943;6 553
foyer jeune travailleur;874;10 058
préavis et congés;870;1262
accident travail;845;1 930
indemnité de congés payés;830;1332
calcul indemnité congés payés;814;1833
temps de travail;798;3 562
préavis et congés payés;781;1085
congés sans solde;774;3291
accident de travail qui paye;770;1 356
autorisation de travail;738;1 801
cerfa accident du travail;721;1 544
travail dissimulé;712;2 443
calcul indemnité compensatrice de congés payés;708;1324
congés bonifiés;697;1192
congés pendant préavis;606;765
congés pacs;579;690
accident de travail indemnisation;573;1 244
feuille d'accident du travail;564;1 280
indemnisation accident du travail;559;989
durée maximale de travail;552;882
arret maladie et congés payés;544;1014
ijss accident du travail;543;757
declaration accident du travail;522;909
modele certificat de travail;521;1 356
modification du contrat de travail;521;1 900
congés naissance;521;850
congés payés cdd;476;821
medecin du travail;471;3 722
déclaration d'accident de travail;449;1 169
a quel age peut on travailler;437;1 315
a partir de quel age peut on travailler;437;2 077
congés décès;436;728
reconnaissance travailleur handicapé;411;3 093
indemnités congés payés;408;691
comment calculer les congés payés;402;876
aah et travail;399;587
congés payés et préavis;397;536
arret de travail;396;14 674
démission et congés payés;385;1146
discrimination au travail;380;2 644
feuille accident du travail;380;849
congés payés et maladie;378;977
accident de travail déclaration;371;591
pacs congés;369;456
congés payés pendant préavis;366;489
travailler en mairie;360;755
demande d'autorisation de travail;353;722
travailler à l'étranger;351;2 161
les congés payés;347;1111
accident trajet travail;340;542
travailler en france;339;1 571
pacs jours de congés;339;441
travail le dimanche;333;1 500
médailles du travail;327;716
congés et préavis;324;420
congés sabbatique;321;747
inspecteur du travail;320;2 367
temps de travail maximum;313;924
congés de naissance;313;453
congés payés temps partiel;309;574
autorisation provisoire de travail;307;582
indemnité accident du travail;292;503
declaration accident travail;288;486
jours de congés pacs;288;368
médaille d'honneur du travail;287;507
arret de travail pendant préavis;285;364
visa travail france;276;579
indemnité accident de travail;276;494
régularisation par le travail;276;489
préavis congés;268;391
indemnité journalière accident du travail;267;496
modèle certificat de travail;262;505
certificat de travail modèle;259;553
demande medaille du travail;257;362
déclaration accident de travail;249;426
congés mariage;249;691
arret maladie puis congés payés;242;446
contrat de travail;235;7 586
retraite et travail;235;595
certificats de travail;228;365
résiliation judiciaire du contrat de travail;228;343
calcul indemnité de congés payés;227;325
congés parental;224;1816
congés;220;4006
certificat de travail exemple;217;1 186
durée du travail;211;437
harcelement moral au travail;206;509
demande de médaille du travail;205;341
préavis démission congés;203;411
congés scolaire 2018;202;537
cdd congés payés;200;315
travail à temps partiel;199;1 004
travailler à la retraite;196;403
harcèlement travail;196;535
dossier travailleur handicapé;194;339
medaille travail;187;317
accident de travail salaire;187;523
avocat droit du travail gratuit;186;554
télétravail;184;4 774
peut on travailler a 16 ans;181;487
congés payés calcul;181;353
indemnités de congés payés;180;277
age minimum pour travailler;179;554
déclaration accident du travail en ligne;178;460
déclarer un accident de travail;177;264
maintien de salaire accident du travail;172;243
définition accident du travail;168;337
age légal pour travailler;165;412
calcul indemnité compensatrice congés payés;151;266
formulaire accident du travail;149;531
congés evenements familiaux;148;495
certificat travail;147;274
accident de travail trajet;144;242
démission congés payés;144;442
arret de travail fonctionnaire;136;175
travail mineur;132;659
congés pour pacs;130;160
accident de travail reprise;129;198
calcul ijss accident du travail;126;216
cerfa accident de travail;125;264
paiement congés payés;125;244
demande autorisation de travail;121;188
harcelement au travail;120;562
age legal travail;117;315
accident du travail salaire;113;260
indemnité compensatrice congés payés;112;154
congés longue maladie;111;183
congés de paternité;110;198
pacs jour de congés;110;124
préavis congés payés;110;162
indemnité compensatrice de congés payés calcul;110;160
medaille du travail 20 ans;106;214
modification contrat de travail;106;222
accident du travail qui paye;106;194
horaire de sortie arrêt de travail;105;313
permis de travail france;104;294
calcul indemnités congés payés;104;211
accident du travail déclaration;103;149
calculer congés payés;102;159
congés payés et arrêt maladie;102;178
maladie et congés payés;102;249
paiement accident de travail;93;130
ij accident du travail;92;151
dossier médaille du travail;88;115
maintien de salaire accident de travail;88;146
notice arret de travail;86;111
accident de travail fonction publique;85;129
suspension du contrat de travail;82;229
arret de travail indemnisation;80;207
travailler a 14 ans;80;177
arrêt maladie congés payés;80;141
paiement des congés payés;79;170
alcool sur le lieu de travail;75;94
congés fonction publique;75;99
congés payés non pris;73;443
médecin du travail;72;304
travail du dimanche;71;182
indemnisation accident de travail;71;111
congés pour mariage;69;154
visa de travail france;67;128
congés bonifiés fonction publique;67;95
démission préavis congés;66;118
reprise apres accident de travail;65;100
médaille du travail fonction publique;65;120
déclaration accident du travail cerfa;64;94
suspension contrat de travail;64;128
indemnités compensatrice de congés payés;63;117
acquisition congés payés;59;226
modèle de certificat de travail;58;162
travailler pendant sa retraite;58;104
accident travail salaire;56;125
visite de reprise médecine du travail;56;101
calcul indemnité congés payés fin de contrat;56;166
congés pour déménagement;56;84
travail en france;55;274
teletravail;55;771
travail le 1er mai;54;137
alcool au travail;53;220
heure de travail par semaine;53;98
1er mai travaillé;48;199
alcool lieu de travail;48;59
travailler a la mairie;47;99
attestation accident de travail;47;85
calculer les congés payés;47;86
cdd congés;47;62
congés préavis;46;60
congés scolaires;46;255
travailler après la retraite;45;88
medailles du travail;45;64
visite médicale du travail;44;250
retraite travailleur handicapé;43;89
arret de travail employeur;42;187
indemnité journalière arret de travail;42;110
demission pendant arret de travail;41;77
indemnités journalières accident du travail;39;54
congés payés préavis;39;52
congés déménagement;39;79
peut on reprendre le travail avant la fin d'un arret maladie;38;54
temps de travail fonction publique territoriale;38;82
harcèlement moral travail;38;116
congés enfant malade;38;58
sécurité au travail;37;194
accident du travail indemnisation;37;59
accident du travail fonction publique;37;52
arret maladie avant congés;37;70
congés décès fonction publique;37;110
congés fonction publique territoriale;37;54
11 jours congés paternité;36;48
maintien salaire accident travail;35;43
congés payes;34;72
congés de maternité;34;78
accident de travail définition;33;142
accident travail trajet;33;41
prise de congés payés;33;53
accident du travail employeur;32;54
certificat accident de travail;32;44
définition accident de travail;32;69
congés exceptionnels décès;31;48
report congés payés;31;40
titre de séjour étudiant travail;30;51
accident de travail que faire;30;34
pas de contrat de travail;30;45
temps de travail annuel;30;96
autorisation de travail direccte;28;61
déclarer un accident du travail;28;38
déclaration d'accident du travail;28;60
salaire accident de travail;28;50
préavis démission congés payés;28;41
congés parental d'éducation;28;35
congés pour évènements familiaux;28;120
congés après arrêt maladie;28;31
procédure accident de travail;27;31
arret de travail heures de sortie;27;58
reprise après accident du travail;27;33
declarer accident travail;27;34
exemple certificat de travail;26;53
travail 1er mai;26;66
modele certificat de travail 2018;26;55
calcul ijss accident du travail 2018;26;81
travailler en retraite;26;50
reprise anticipée arrêt de travail;26;36
congés individuel de formation;26;47
obligation d'emploi des travailleurs handicapés;25;30
heure maximum de travail par jour;25;59
congés annuels;25;92
cerfa declaration accident de travail;24;39
accident du travail définition;24;50
formulaire medaille du travail;24;50
congés exceptionnel décès;24;36
reconnaissance travailleur handicapé et retraite;23;39
travailler sans contrat;23;92
travailleur de nuit;23;35
travail dissimulé sanction;22;35
inaptitude au travail;22;370
disponibilité fonction publique hospitalière et travail dans le privé;22;37
paiement accident du travail;21;24
visite médicale travail;21;180
reconnaissance travailleur handicapé mdph;21;33
congés stagiaire;21;34
préavis démission et congés;21;23
jours congés pacs;21;22
calcul de l'indemnité de congés payés;21;28
age pour travailler;20;56
que faire en cas d'accident de travail;20;23
indemnité légale de licenciement code du travail;20;33
travail des mineurs;20;88
code du travail congés payés;20;52
accident du travail trajet;20;30
aménagement du temps de travail;20;72
congés payés pendant préavis suite démission;20;48
code du travail congés payés;20;52
congés paternité fonction publique;20;27
heures supplémentaires code du travail;19;48
foyer des jeunes travailleurs;19;138
cerfa déclaration accident du travail;19;27
temps de travail maximum par jour;19;49
accident de travail payé a 100;19;91
congés maternité calcul;19;77
congés de reclassement;19;26
congés cdd;19;23
travailleur handicapé retraite;18;31
autorisation de travail étudiant;18;38
temps de travail fonction publique;18;30
indemnités accident de travail;18;21
doit on reprendre le travail avant de partir en conges;17;31
congés payés démission;17;32
paiement accident travail;16;19
mentions obligatoires contrat de travail;16;31
declarer accident de travail;16;19
certificat médical accident du travail;16;25
droit de retrait au travail;15;21
demarche accident du travail;15;19
arret de travail 1 jour;15;24
heures de sortie en arrêt de travail;15;41
congés payés france;15;18
exemple calcul indemnité congés payés;15;45
durée maximum de travail;14;20
mi temps therapeutique medecin du travail;14;44
résiliation judiciaire contrat de travail;14;15
arrêt de travail sorties autorisées;14;25
travail a 14 ans;14;19
cdd et congés;14;18
congés stage;14;19
report des congés payés;14;16
rémunération accident de travail;13;15
travailler a l'etranger;13;85
accident du travail maintien de salaire;12;14
travail intermittent;12;15
travailler 6 jours sur 7;12;23
travailleurs handicapés;12;86
travailler pendant un arrêt maladie;12;17
dates congés maternité;12;16
acquisition congés payés et maladie;12;25
contrat de travail obligatoire;11;13
heure de travail par jour;11;38
indemnité arret de travail;11;26
durée hebdomadaire de travail;11;23
accident de travail demarche;11;15
quelle est la durée maximale de travail par jour ?;11;64
peut on travailler a 14 ans;11;24
feuille accident de travail;11;20
foyer de jeunes travailleurs;11;57
rente accident du travail;11;79
retraite anticipée travailleur handicapé;11;16
préavis démission et congés payés;11;14
permis blanc pour le travail;10;31
ijss accident de travail;10;11
exemple de certificat de travail;10;28
indemnité journalière accident de travail;10;10
feuille accident du travail employeur;10;18
travailleur indépendant;10;117
peut on demissionner pendant un arret de travail;10;17
reprise de travail;10;23
accident de travail fonction publique territoriale;10;20
compte pénibilité travail de nuit;10;60
demande d'autorisation de travail pour un salarié étranger;10;14
comment calculer congés payés;10;15
prise des congés payés;10;19
congés pour création d'entreprise;10;15
calcul indemnités de congés payés;10;12
date congés maternité;10;14
simulateur calcul congés payés;10;57
travailleur étranger;9;12
santé et sécurité au travail;9;40
travailler aux impots;9;18
médaille travail;9;14
médaille du travail fonction publique territoriale;9;12
obligation travailleur handicapé;9;12
declaration d accident de travail;9;17
santé sécurité au travail;9;27
contrat de travail temporaire;9;41
autorisation de travail en france;9;15
formation hors temps de travail;9;19
obligation emploi travailleur handicapé;9;14
durée légale de travail;9;12
exemple calcul indemnité compensatrice de congés payés;9;30
congés exceptionnels;9;48
carence accident de travail;8;8
peut on travailler à la retraite;8;20
déclaration accident travail;8;11
temps de travail hebdomadaire;8;9
harcelement morale au travail;8;17
attestation de salaire accident du travail;8;32
retraite anticipée travailleur handicapé fonction publique;8;11
diffamation au travail;8;28
foyer jeunes travailleurs;8;45
envoi arret de travail 48h ouvrable;8;33
service public congés payés;8;8
congés pour décès;8;10
arrêt de travail;7;119
jours congés décès;7;12
certificat de reprise de travail;6;9
age legal pour travailler;6;8
arret de travail avant vacances;6;9
reprendre travail avant fin arret;6;7
incapacité de travail;6;35
cse code du travail;5;6
indemnite accident travail;5;9
heure de nuit travail;5;16
combien est on payé en accident de travail;5;5
temps légal de travail;5;9
peut on travailler en etant en maladie professionnelle;5;11
harcelement travail;5;8
arret accident de travail;5;8
reconnu travailleur handicapé;5;11
heure de travail;4;15
arret de travail et vacances;4;12
age légale pour travailler;4;12
travailler 7 jours d'affilé;4;10
congés payés pendant arrêt maladie;4;9