requests,requests
smic 2018,smic 2018
smic,smic
dpae,dpae
cpf,cpf
auto entrepreneur,auto entrepreneur
rupture conventionnelle,rupture conventionnelle
lettre de demission,lettre de demission
sylae,sylae
inspection du travail,inspection du travail
autoentrepreneur,autoentrepreneur
kbis,kbis
cfe,cfe
cheque vacances,cheque vacances
contrat de professionnalisation,contrat de professionnalisation
chsct,chsct
rupture conventionnelle 2018,rupture conventionnelle 2018
convention collective,convention collective
extrait kbis,extrait kbis
vae,vae
cif,cif
csp,csp